model,accuracy,precision,recall,f1_score,roc_auc
Logistic Regression,0.9946595460614153,0.9929824561403509,0.9929824561403509,0.9929824561403509,0.9997202056866304
Random Forest,0.9959946595460614,0.9964788732394366,0.9929824561403509,0.9947275922671354,0.9999546279491833
Gradient Boosting,0.9933244325767691,0.9964539007092199,0.9859649122807017,0.9911816578483245,0.9999130369026014
